{"target":"http://pubannotation.org/docs/sourcedb/PubMed/sourceid/21416598","sourcedb":"PubMed","sourceid":"21416598","text":"AXIN2-associated autosomal dominant ectodermal dysplasia and neoplastic syndrome.\nWe describe a family with a novel, inherited AXIN2 mutation (c.1989G\u003EA) segregating in an autosomal dominant pattern with oligodontia and variable other findings including colonic polyposis, gastric polyps, a mild ectodermal dysplasia phenotype with sparse hair and eyebrows, and early onset colorectal and breast cancers. This novel mutation predicts p.Trp663X, which is a truncated protein that is missing the last three exons, including the DIX (Disheveled and AXIN interacting) domain. This nonsense mutation is predicted to destroy the inhibitory action of AXIN2 on WNT signaling. Previous authors have described an unrelated family with autosomal dominant oligodontia and a variable colorectal phenotype segregating with a nonsense mutation of AXIN2, as well as a frameshift AXIN2 mutation in an unrelated individual with oligodontia. Our report provides additional evidence supporting an autosomal dominant AXIN2-associated ectodermal dysplasia and neoplastic syndrome.","project":"AGAC_answer","denotations":[{"id":"T1","span":{"begin":586,"end":594},"obj":"Var"},{"id":"T2","span":{"begin":611,"end":618},"obj":"NegReg"},{"id":"T4","span":{"begin":623,"end":640},"obj":"MPA"},{"id":"T3","span":{"begin":644,"end":649},"obj":"Gene"},{"id":"T5","span":{"begin":653,"end":666},"obj":"Pathway"},{"id":"T6","span":{"begin":977,"end":995},"obj":"Var"},{"id":"T7","span":{"begin":996,"end":1001},"obj":"Gene"},{"id":"T10","span":{"begin":1002,"end":1012},"obj":"Reg"},{"id":"T8","span":{"begin":1013,"end":1033},"obj":"Disease"},{"id":"T9","span":{"begin":1038,"end":1057},"obj":"Disease"}],"relations":[{"id":"R1","pred":"CauseOf","subj":"T1","obj":"T2"},{"id":"R2","pred":"ThemeOf","subj":"T3","obj":"T4"},{"id":"R3","pred":"ThemeOf","subj":"T4","obj":"T5"},{"id":"R4","pred":"ThemeOf","subj":"T5","obj":"T2"},{"id":"R5","pred":"CauseOf","subj":"T6","obj":"T10"},{"id":"R6","pred":"ThemeOf","subj":"T7","obj":"T6"},{"id":"R7","pred":"ThemeOf","subj":"T8","obj":"T10"},{"id":"R8","pred":"ThemeOf","subj":"T9","obj":"T10"}]}