{"target":"http://pubannotation.org/docs/sourcedb/PubMed/sourceid/21382783","sourcedb":"PubMed","sourceid":"21382783","text":"Mild recessive dystrophic epidermolysis bullosa associated with two compound heterozygous COL7A1 mutations.\nDystrophic epidermolysis bullosa is a group of inherited skin blistering disorders caused by mutations in the COL7A1 gene coding for type VII collagen. More than 500 different COL7A1 mutations have been detected in dystrophic epidermolysis bullosa to date. Clarification of genotype-phenotype correlations is of particular importance for the development of novel therapeutic approaches. Here we report a female patient with mild dystrophic epidermolysis bullosa harbouring two compound heterozygous COL7A1 mutations, namely the intronic splice site mutation c.3832-2A\u200a\u003E\u200aG and the glycine substitution p.G1347W. Our data extend the current knowledge on genotype-phenotype correlations in dystrophic epidermolysis bullosa.","project":"AGAC_answer","denotations":[{"id":"T1","span":{"begin":15,"end":47},"obj":"Disease"},{"id":"T2","span":{"begin":48,"end":63},"obj":"Reg"},{"id":"T3","span":{"begin":90,"end":96},"obj":"Gene"},{"id":"T4","span":{"begin":97,"end":106},"obj":"Var"},{"id":"T5","span":{"begin":108,"end":140},"obj":"Disease"},{"id":"T7","span":{"begin":191,"end":200},"obj":"Reg"},{"id":"T6","span":{"begin":201,"end":210},"obj":"Var"},{"id":"T8","span":{"begin":218,"end":224},"obj":"Gene"},{"id":"T9","span":{"begin":284,"end":290},"obj":"Gene"},{"id":"T10","span":{"begin":291,"end":300},"obj":"Var"},{"id":"T11","span":{"begin":311,"end":319},"obj":"Reg"},{"id":"T12","span":{"begin":323,"end":355},"obj":"Disease"}],"relations":[{"id":"R1","pred":"CauseOf","subj":"T4","obj":"T2"},{"id":"R2","pred":"ThemeOf","subj":"T1","obj":"T2"},{"id":"R3","pred":"ThemeOf","subj":"T3","obj":"T4"},{"id":"R4","pred":"CauseOf","subj":"T6","obj":"T7"},{"id":"R5","pred":"ThemeOf","subj":"T5","obj":"T7"},{"id":"R6","pred":"ThemeOf","subj":"T8","obj":"T6"},{"id":"R7","pred":"CauseOf","subj":"T10","obj":"T11"},{"id":"R8","pred":"ThemeOf","subj":"T9","obj":"T10"},{"id":"R9","pred":"ThemeOf","subj":"T12","obj":"T11"}]}