{"target":"http://pubannotation.org/docs/sourcedb/PubMed/sourceid/21782837","sourcedb":"PubMed","sourceid":"21782837","text":"Acquisition of steady-state operant behavior in long-living Ames Dwarf mice.\nAmes dwarf mice have a Prop-1 mutation that has been identified with increased levels of IGF-I in the central nervous system, upregulation of neuroprotective systems, and increased lifespan. To elucidate the behavioral effects of the Prop-1 mutation, 8 Ames dwarf and 7 normal mice (all of whom were 8 months of age or younger) were compared on a differential-reinforcement-of-low-rate-of-responding schedule of reinforcement and a matching-to-sample task. On both tasks, nosepokes were reinforced with access to a saccharin solution. Comparisons were based on several measures of behavioral efficiency: pause durations, intertrial intervals, and numbers of responses. Ames dwarf mice were generally less efficient than normal mice. One possible cause of this outcome is that relatively young Ames dwarf mice show less cognitive development than age-matched normal mice.","project":"AGAC_answer","denotations":[{"id":"T1","span":{"begin":100,"end":106},"obj":"Gene"},{"id":"T2","span":{"begin":107,"end":115},"obj":"Var"},{"id":"T3","span":{"begin":146,"end":155},"obj":"PosReg"},{"id":"T4","span":{"begin":156,"end":171},"obj":"MPA"},{"id":"T5","span":{"begin":203,"end":215},"obj":"PosReg"},{"id":"T6","span":{"begin":219,"end":242},"obj":"CPA"}],"relations":[{"id":"R1","pred":"ThemeOf","subj":"T1","obj":"T2"},{"id":"R2","pred":"CauseOf","subj":"T2","obj":"T3"},{"id":"R3","pred":"ThemeOf","subj":"T4","obj":"T3"},{"id":"R4","pred":"ThemeOf","subj":"T6","obj":"T5"},{"id":"R5","pred":"CauseOf","subj":"T2","obj":"T5"}]}