{"target":"http://pubannotation.org/docs/sourcedb/PubMed/sourceid/21194947","sourcedb":"PubMed","sourceid":"21194947","text":"Variable phenotypes are associated with PMP22 missense mutations.\nCharcot-Marie-Tooth disease (CMT) is the commonest hereditary neuropathy encompassing a large group of clinically and genetically heterogeneous disorders. The commonest form of CMT, CMT1A, is usually caused by a 1.4 megabase duplication of chromosome 17 containing the PMP22 gene. Mutations of PMP22 are a less common cause of CMT. We describe clinical, electrophysiological and molecular findings of 10 patients carrying PMP22 missense mutations. The phenotype varied from mild hereditary neuropathy with liability to pressure palsies (HNPP) to severe CMT1. We identified six different point mutations, including two novel mutations. Three families were also found to harbour a Thr118Met mutation. Although PMP22 point mutations are not common, our findings highlight the importance of sequencing the PMP22 gene in patients with variable CMT phenotypes and also confirm that the PMP22 Thr118Met mutation is associated with a neuropathy albeit with reduced penetrance.","project":"AGAC_answer","denotations":[{"id":"T11","span":{"begin":66,"end":93},"obj":"Disease"},{"id":"T12","span":{"begin":243,"end":246},"obj":"Disease"},{"id":"T13","span":{"begin":248,"end":253},"obj":"Disease"},{"id":"T14","span":{"begin":266,"end":275},"obj":"Reg"},{"id":"T15","span":{"begin":291,"end":302},"obj":"Var"},{"id":"T16","span":{"begin":335,"end":340},"obj":"Gene"},{"id":"T1","span":{"begin":347,"end":356},"obj":"Var"},{"id":"T2","span":{"begin":360,"end":365},"obj":"Gene"},{"id":"T3","span":{"begin":384,"end":389},"obj":"Reg"},{"id":"T4","span":{"begin":393,"end":396},"obj":"Disease"},{"id":"T7","span":{"begin":946,"end":951},"obj":"Gene"},{"id":"T8","span":{"begin":952,"end":961},"obj":"Var"},{"id":"T9","span":{"begin":974,"end":989},"obj":"Reg"},{"id":"T10","span":{"begin":992,"end":1002},"obj":"CPA"}],"relations":[{"id":"R1","pred":"ThemeOf","subj":"T2","obj":"T1"},{"id":"R10","pred":"ThemeOf","subj":"T16","obj":"T15"},{"id":"R2","pred":"CauseOf","subj":"T1","obj":"T3"},{"id":"R3","pred":"ThemeOf","subj":"T4","obj":"T3"},{"id":"R4","pred":"ThemeOf","subj":"T7","obj":"T8"},{"id":"R5","pred":"CauseOf","subj":"T8","obj":"T9"},{"id":"R6","pred":"ThemeOf","subj":"T10","obj":"T9"},{"id":"R7","pred":"CauseOf","subj":"T15","obj":"T14"},{"id":"R8","pred":"ThemeOf","subj":"T13","obj":"T14"},{"id":"R9","pred":"ThemeOf","subj":"T12","obj":"T14"}]}