{"target":"http://pubannotation.org/docs/sourcedb/PubMed/sourceid/21204207","sourcedb":"PubMed","sourceid":"21204207","text":"Genotype-phenotype analysis of the branchio-oculo-facial syndrome.\nBranchio-oculo-facial syndrome (BOFS; OMIM#113620) is a rare autosomal dominant craniofacial disorder with variable expression. Major features include cutaneous and ocular abnormalities, characteristic facies, renal, ectodermal, and temporal bone anomalies. Having determined that mutations involving TFAP2A result in BOFS, we studied a total of 30 families (41 affected individuals); 26/30 (87%) fulfilled our cardinal diagnostic criteria. The original family with the 3.2\u2009Mb deletion including the TFAP2A gene remains the only BOFS family without the typical CL/P and the only family with a deletion. We have identified a hotspot region in the highly conserved exons 4 and 5 of TFAP2A that harbors missense mutations in 27/30 (90%) families. Several of these mutations are recurrent. Mosaicism was detected in one family. To date, genetic heterogeneity has not been observed. Although the cardinal criteria for BOFS have been based on the presence of each of the core defects, an affected family member or thymic remnant, we documented TFAP2A mutations in three (10%) probands in our series without a classic cervical cutaneous defect or ectopic thymus. Temporal bone anomalies were identified in 3/5 patients investigated. The occurrence of CL/P, premature graying, coloboma, heterochromia irides, and ectopic thymus, are evidence for BOFS as a neurocristopathy. Intrafamilial clinical variability can be marked. Although there does not appear to be mutation-specific genotype-phenotype correlations at this time, more patients need to be studied. Clinical testing for TFAP2A mutations is now available and will assist geneticists in confirming the typical cases or excluding the diagnosis in atypical cases.","project":"AGAC_answer","denotations":[{"id":"T1","span":{"begin":67,"end":97},"obj":"Disease"},{"id":"T2","span":{"begin":348,"end":357},"obj":"Var"},{"id":"T3","span":{"begin":368,"end":374},"obj":"Gene"},{"id":"T4","span":{"begin":375,"end":384},"obj":"Reg"},{"id":"T5","span":{"begin":385,"end":389},"obj":"Disease"}],"relations":[{"id":"R1","pred":"CauseOf","subj":"T2","obj":"T4"},{"id":"R2","pred":"ThemeOf","subj":"T5","obj":"T4"},{"id":"R3","pred":"ThemeOf","subj":"T3","obj":"T2"}]}