{"target":"http://pubannotation.org/docs/sourcedb/PubMed/sourceid/20556795","sourcedb":"PubMed","sourceid":"20556795","text":"Analysis of mutations causing biotinidase deficiency.\nBiotinidase deficiency is an inherited disorder in which the vitamin, biotin, is not recycled. Individuals with biotinidase deficiency can develop neurological and cutaneous symptoms if they are not treated with biotin. Biotinidase deficiency screening has been incorporated into essentially all newborn screening programs in the United States and in many countries. We now report 140 known mutations in the biotinidase gene (BTD) that cause biotinidase deficiency. All types of mutations have been found to cause biotinidase deficiency. Variants have been identified throughout the coding sequence. Essentially all the variants result in enzymatic activities with less than 10% of mean normal enzyme activity (profound biotinidase deficiency) with the exception of the c.1330G\u003EC (p.D444H) mutation, which results in an enzyme having 50% of mean normal serum activity. The putative three-dimensional structure of biotinidase has been predicted by homology to that of nitrilases/amidases. The effect of the various missense mutations can be predicted to affect various important sites within the structure of the enzyme. This compilation of variants causing biotinidase deficiency will be useful to clinical laboratories that are performing mutation analysis for confirmational testing when the enzymatic results are equivocal for children identified through newborn screening.","project":"AGAC_answer","denotations":[{"id":"T1","span":{"begin":12,"end":21},"obj":"Var"},{"id":"T2","span":{"begin":22,"end":29},"obj":"Reg"},{"id":"T3","span":{"begin":30,"end":52},"obj":"Disease"},{"id":"T4","span":{"begin":445,"end":454},"obj":"Var"},{"id":"T5","span":{"begin":480,"end":483},"obj":"Gene"},{"id":"T6","span":{"begin":490,"end":495},"obj":"Reg"},{"id":"T7","span":{"begin":496,"end":518},"obj":"Disease"},{"id":"T8","span":{"begin":533,"end":542},"obj":"Var"},{"id":"T9","span":{"begin":562,"end":567},"obj":"Reg"},{"id":"T10","span":{"begin":568,"end":590},"obj":"Disease"},{"id":"T11","span":{"begin":674,"end":682},"obj":"Var"},{"id":"T12","span":{"begin":693,"end":702},"obj":"Enzyme"},{"id":"T13","span":{"begin":703,"end":713},"obj":"MPA"},{"id":"T14","span":{"begin":719,"end":723},"obj":"NegReg"},{"id":"T15","span":{"begin":824,"end":833},"obj":"Var"},{"id":"T17","span":{"begin":874,"end":880},"obj":"Enzyme"},{"id":"T16","span":{"begin":888,"end":891},"obj":"NegReg"},{"id":"T18","span":{"begin":907,"end":921},"obj":"MPA"}],"relations":[{"id":"R1","pred":"CauseOf","subj":"T4","obj":"T6"},{"id":"R10","pred":"ThemeOf","subj":"T18","obj":"T16"},{"id":"R11","pred":"ThemeOf","subj":"T12","obj":"T13"},{"id":"R12","pred":"ThemeOf","subj":"T17","obj":"T18"},{"id":"R13","pred":"CauseOf","subj":"T1","obj":"T2"},{"id":"R14","pred":"ThemeOf","subj":"T3","obj":"T2"},{"id":"R2","pred":"ThemeOf","subj":"T7","obj":"T6"},{"id":"R3","pred":"ThemeOf","subj":"T5","obj":"T4"},{"id":"R4","pred":"ThemeOf","subj":"T10","obj":"T9"},{"id":"R5","pred":"CauseOf","subj":"T8","obj":"T9"},{"id":"R7","pred":"CauseOf","subj":"T11","obj":"T14"},{"id":"R8","pred":"ThemeOf","subj":"T13","obj":"T14"},{"id":"R9","pred":"CauseOf","subj":"T15","obj":"T16"}]}