{"target":"http://pubannotation.org/docs/sourcedb/PubMed/sourceid/21538323","sourcedb":"PubMed","sourceid":"21538323","text":"Identification and functional consequences of a recurrent NLRP12 missense mutation in periodic fever syndromes.\nOBJECTIVE: To gain insight into the molecular bases of genetically unexplained periodic fever syndromes (PFS) by screening NLRP12, a gene in which only a nonsense and a splice site mutation have so far been identified, and to assess the functional consequences of the identified missense variation.\nMETHODS: NLRP12 was screened for mutations by direct sequencing. Functional assays were performed in HEK 293T cells stably expressing the proapoptotic protein ASC and procaspase 1, in order to determine the effects of normal and mutated NLRP12 proteins on speck formation, caspase 1 signaling, and NF-\u03baB activation.\nRESULTS: A heterozygous NLRP12 missense mutation involving a CpG site (c.1054C\u003ET; p.Arg352Cys) was identified in exon 3, which encodes the nucleotide-binding site (NBS) of the protein, in 2 patients from different countries and carrying different NLRP12 haplotypes. The mutation, which does not alter the inhibitory effect of NLRP12 on NF-\u03baB activation, increases speck formation and activates caspase 1 signaling. To define this new class of PFS, we propose the term NLRP12-associated disorders (NLRP12AD).\nCONCLUSION: Given the rarity of known NLRP12-associated disorders, the identification of this NLRP12 molecular defect contributes to the delineation of the clinical spectrum associated with mutations in this gene and highlights the importance of screening NLRP12 in patients presenting with unexplained PFS. This study also demonstrates, by means of functional assays, the deleterious effect of this recurrent missense mutation; the gain of function for speck formation and caspase 1 signaling associated with this NBS mutation is consistent with the inflammatory phenotype of PFS.","project":"AGAC_answer","denotations":[{"id":"T1","span":{"begin":58,"end":64},"obj":"Gene"},{"id":"T2","span":{"begin":65,"end":82},"obj":"Var"},{"id":"T4","span":{"begin":83,"end":85},"obj":"Reg"},{"id":"T3","span":{"begin":86,"end":110},"obj":"Disease"},{"id":"T5","span":{"begin":751,"end":757},"obj":"Gene"},{"id":"T6","span":{"begin":798,"end":807},"obj":"Var"},{"id":"T7","span":{"begin":854,"end":861},"obj":"Reg"},{"id":"T8","span":{"begin":866,"end":884},"obj":"Interaction"},{"id":"T9","span":{"begin":903,"end":910},"obj":"Protein"},{"id":"T10","span":{"begin":997,"end":1005},"obj":"Var"},{"id":"T11","span":{"begin":1081,"end":1090},"obj":"PosReg"},{"id":"T14","span":{"begin":1091,"end":1106},"obj":"MPA"},{"id":"T12","span":{"begin":1111,"end":1120},"obj":"PosReg"},{"id":"T13","span":{"begin":1121,"end":1140},"obj":"MPA"},{"id":"T16","span":{"begin":1668,"end":1684},"obj":"PosReg"},{"id":"T17","span":{"begin":1689,"end":1704},"obj":"MPA"},{"id":"T18","span":{"begin":1709,"end":1728},"obj":"MPA"},{"id":"T15","span":{"begin":1754,"end":1762},"obj":"Var"}],"relations":[{"id":"R1","pred":"ThemeOf","subj":"T1","obj":"T2"},{"id":"R10","pred":"CauseOf","subj":"T10","obj":"T12"},{"id":"R11","pred":"ThemeOf","subj":"T13","obj":"T12"},{"id":"R12","pred":"CauseOf","subj":"T15","obj":"T16"},{"id":"R13","pred":"ThemeOf","subj":"T17","obj":"T16"},{"id":"R14","pred":"ThemeOf","subj":"T18","obj":"T16"},{"id":"R2","pred":"CauseOf","subj":"T2","obj":"T4"},{"id":"R3","pred":"ThemeOf","subj":"T3","obj":"T4"},{"id":"R4","pred":"ThemeOf","subj":"T5","obj":"T6"},{"id":"R5","pred":"CauseOf","subj":"T6","obj":"T7"},{"id":"R6","pred":"ThemeOf","subj":"T8","obj":"T7"},{"id":"R7","pred":"ThemeOf","subj":"T9","obj":"T8"},{"id":"R8","pred":"CauseOf","subj":"T10","obj":"T11"},{"id":"R9","pred":"ThemeOf","subj":"T14","obj":"T11"}]}