{"target":"http://pubannotation.org/docs/sourcedb/PubMed/sourceid/20544545","sourcedb":"PubMed","sourceid":"20544545","text":"Dihydropyrimidine dehydrogenase deficiency caused by a novel genomic deletion c.505_513del of DPYD.\nDihydropyrimidine dehydrogenase (DPD) deficiency is an autosomal recessive disorder of the pyrimidine degradation pathway. In a patient presenting with convulsions, psychomotor retardation and Reye like syndrome, strongly elevated levels of uracil and thymine were detected in urine. No DPD activity could be detected in peripheral blood mononuclear cells. Analysis of the gene encoding DPD (DPYD) showed that the patient was homozygous for a novel c.505_513del (p.169_171del) mutation in exon 6 of DPYD.","project":"AGAC_answer","denotations":[{"id":"T1","span":{"begin":0,"end":42},"obj":"Disease"},{"id":"T2","span":{"begin":43,"end":52},"obj":"Reg"},{"id":"T3","span":{"begin":78,"end":90},"obj":"Var"},{"id":"T4","span":{"begin":94,"end":98},"obj":"Gene"}],"relations":[{"id":"R1","pred":"ThemeOf","subj":"T1","obj":"T2"},{"id":"R2","pred":"ThemeOf","subj":"T4","obj":"T3"},{"id":"R3","pred":"CauseOf","subj":"T3","obj":"T2"}]}