{"target":"http://pubannotation.org/docs/sourcedb/PubMed/sourceid/20598714","sourcedb":"PubMed","sourceid":"20598714","text":"N88S mutation in the BSCL2 gene in a Serbian family with distal hereditary motor neuropathy type V or Silver syndrome.\nBACKGROUND: Distal hereditary motor neuropathy type V (dHMN-V) and Silver syndrome are rare phenotypically overlapping diseases which can be caused by mutations in the Berardinelli-Seip Congenital Lipodystrophy 2 (BSCL2) gene or Seipin.\nAIM: To report the first Serbian family with a BSCL2 mutation showing variable expression within the family.\nPATIENTS AND METHODS: A 55-year-old woman presented with weakness of both hands at the age of 45. At age 47, she noticed distal muscle weakness and atrophy in her legs. Physical examination revealed atrophy and weakness of small hand muscles and mild atrophy and weakness of the lower limbs. There was generalized hyperreflexia with the exception of ankle reflexes which were diminished. Her 25year-old son had only stiffness of both legs at the age of 22. Physical examination revealed only generalized hyporeflexia. The third affected member in this family was her 55year-old cousin who showed a more prominent involvement of leg muscles with mild asymmetrical weakness of hand muscles and no pyramidal tract features.\nRESULTS: In all three patients sensory nerve conduction velocities (NCV) were normal in all extremities. Compound muscle action potential (CMAP) amplitudes were markedly reduced in all patients. Concentric needle EMG showed evidence of chronic denervation in distal muscles. DNA sequencing of BSCL2 was performed and a heterozygous N88S missense mutation in BSCL2 gene was detected in all three patients.\nCONCLUSION: This report is further confirmation of phenotypic heterogenity due to the N88S mutation of BSCL2 gene in the same family.","project":"AGAC_answer","denotations":[{"id":"T1","span":{"begin":0,"end":4},"obj":"Var"},{"id":"T2","span":{"begin":21,"end":26},"obj":"Gene"},{"id":"T3","span":{"begin":32,"end":34},"obj":"Reg"},{"id":"T4","span":{"begin":57,"end":98},"obj":"Disease"},{"id":"T5","span":{"begin":102,"end":117},"obj":"Disease"},{"id":"T6","span":{"begin":131,"end":172},"obj":"Disease"},{"id":"T7","span":{"begin":186,"end":201},"obj":"Disease"},{"id":"T8","span":{"begin":260,"end":269},"obj":"Reg"},{"id":"T9","span":{"begin":270,"end":279},"obj":"Var"},{"id":"T10","span":{"begin":333,"end":338},"obj":"Gene"},{"id":"T11","span":{"begin":348,"end":354},"obj":"Gene"}],"relations":[{"id":"R1","pred":"CauseOf","subj":"T1","obj":"T3"},{"id":"R2","pred":"ThemeOf","subj":"T4","obj":"T3"},{"id":"R3","pred":"ThemeOf","subj":"T5","obj":"T3"},{"id":"R4","pred":"ThemeOf","subj":"T2","obj":"T1"},{"id":"R5","pred":"CauseOf","subj":"T9","obj":"T8"},{"id":"R6","pred":"ThemeOf","subj":"T6","obj":"T8"},{"id":"R7","pred":"ThemeOf","subj":"T7","obj":"T8"},{"id":"R8","pred":"ThemeOf","subj":"T10","obj":"T9"},{"id":"R9","pred":"ThemeOf","subj":"T11","obj":"T9"}]}