{"target":"http://pubannotation.org/docs/sourcedb/PubMed/sourceid/21188847","sourcedb":"PubMed","sourceid":"21188847","text":"Novel and recurrent connexin 30.3 and connexin 31 mutations associated with erythrokeratoderma variabilis.\nErythrokeratoderma variabilis (EKV) is characterized by fixed hyperkeratotic plaques and transient erythema. Mutations in the genes GJB3 and GJB4, which encode connexin (Cx)31 and Cx30.3, are associated with EKV. We report one novel mutation in Cx31 and one recurrent mutation in Cx30.3 in two different families. One novel rare sequence variant of unknown clinical significance was also identified. This finding extends the spectrum of known EKV-associated mutations.","project":"AGAC_answer","denotations":[{"id":"T1","span":{"begin":107,"end":136},"obj":"Disease"},{"id":"T2","span":{"begin":216,"end":225},"obj":"Var"},{"id":"T3","span":{"begin":239,"end":243},"obj":"Gene"},{"id":"T4","span":{"begin":248,"end":252},"obj":"Gene"},{"id":"T5","span":{"begin":299,"end":309},"obj":"Reg"},{"id":"T6","span":{"begin":315,"end":319},"obj":"Disease"}],"relations":[{"id":"R1","pred":"CauseOf","subj":"T2","obj":"T5"},{"id":"R2","pred":"ThemeOf","subj":"T6","obj":"T5"},{"id":"R3","pred":"ThemeOf","subj":"T3","obj":"T2"},{"id":"R4","pred":"ThemeOf","subj":"T4","obj":"T2"}]}