{"target":"http://pubannotation.org/docs/sourcedb/PubMed/sourceid/21757863","sourcedb":"PubMed","sourceid":"21757863","text":"Severer phenotype in Unverricht-Lundborg disease (EPM1) patients compound heterozygous for the dodecamer repeat expansion and the c.202C\u003ET mutation in the CSTB gene.\nBACKGROUND/AIMS: Unverricht-Lundborg disease (EPM1) is caused by mutations in the cystatin B (CSTB) gene. Most patients are homozygous for the expanded dodecamer repeat mutation alleles, but 9 other EPM1-associated mutations have also been identified. We describe the clinical, cognitive and imaging characteristics of 5 Finnish EPM1 patients who are compound heterozygous for the dodecamer repeat expansion and the c.202C\u003ET mutations.\nMETHODS: Five compound heterozygous patients and 21 patients homozygous for the expansion mutation, participating in an ongoing nationwide clinical and molecular genetics study, were evaluated using the Unified Myoclonus Rating Scale test and comprehensive neuropsychological testing. All patients underwent MR imaging. The MR data were also compared with those of 24 healthy control subjects.\nRESULTS: Age at onset of symptoms was significantly lower in the compound heterozygotes than in the homozygous EPM1 patients. They also had severer myoclonus and drug-resistant tonic-clonic seizures. Moreover, they had lower cognitive performance. In MRI a voxel-based morphometry analysis of primary and premotor cortex, supplementary motor cortex and thalami revealed gray matter volume loss when compared with the healthy controls, similar to patients homozygous for the expansion mutation.\nCONCLUSION: Patients compound heterozygous for the dodecamer repeat expansion and the c.202C\u003ET mutations seem to have a severer form of EPM1 than patients homozygous for the expansion mutation. These findings have implications for counseling of EPM1 patients with different genetic defects.","project":"AGAC_answer","denotations":[{"id":"T7","span":{"begin":21,"end":48},"obj":"Disease"},{"id":"T8","span":{"begin":87,"end":90},"obj":"Reg"},{"id":"T5","span":{"begin":130,"end":138},"obj":"Var"},{"id":"T6","span":{"begin":155,"end":159},"obj":"Gene"},{"id":"T1","span":{"begin":183,"end":210},"obj":"Disease"},{"id":"T2","span":{"begin":221,"end":230},"obj":"Reg"},{"id":"T3","span":{"begin":231,"end":240},"obj":"Var"},{"id":"T4","span":{"begin":260,"end":264},"obj":"Gene"}],"relations":[{"id":"R1","pred":"ThemeOf","subj":"T6","obj":"T5"},{"id":"R2","pred":"CauseOf","subj":"T5","obj":"T8"},{"id":"R3","pred":"ThemeOf","subj":"T7","obj":"T8"},{"id":"R4","pred":"ThemeOf","subj":"T4","obj":"T3"},{"id":"R5","pred":"CauseOf","subj":"T3","obj":"T2"},{"id":"R6","pred":"ThemeOf","subj":"T1","obj":"T2"}]}